<?xml version="1.0" encoding="UTF-8"?>
<beans xmlns="http://www.springframework.org/schema/beans"
    xmlns:xsi="http://www.w3.org/2001/XMLSchema-instance"
    xmlns:context="http://www.springframework.org/schema/context"  
    xmlns:util="http://www.springframework.org/schema/util"
    xsi:schemaLocation="http://www.springframework.org/schema/beans 
    http://www.springframework.org/schema/beans/spring-beans.xsd      
    http://www.springframework.org/schema/beans
    http://www.springframework.org/schema/beans/spring-beans-3.0.xsd
    http://www.springframework.org/schema/context
    http://www.springframework.org/schema/context/spring-context-3.0.xsd
    http://www.springframework.org/schema/util
    http://www.springframework.org/schema/util/spring-util-2.5.xsd">
    
       <!-- <bean id="sub1" class="com.nucleus.Subject">
    <property name="subId" value="1"/>
    <property name="subName" value="Java"/>
    </bean> -->
    
    <bean id="board2" class="com.nucleus.Board">
    <property name="boardID" value="00001"/>
    <property name="boardName" value="CBSE"/>
    </bean>
    
     <bean id="sub2" class="com.nucleus.Subject">
    <property name="subId" value="2"/>
    <property name="subName" value="C++"/>
    <property name="board" ref="board2"/>
    </bean>
    
   
  
  
  
    
  <!--   <bean id="ins" class="com.nucleus.Instructor">
    <property name="instrucId" value="123"/>
    <property name="instrucName" value="Param"/>
    </bean>
     -->
    
    <bean id="s2" class="com.nucleus.Student">
    
   <!--  <property name="subject" ref="sub2"></property> -->
   <constructor-arg value="101"> </constructor-arg>
   <constructor-arg value="akash"> </constructor-arg>
   <constructor-arg ref="sub2"> </constructor-arg>
    </bean>
    
    
<!--     <bean id="s2" class="com.nucleus.Student">
    <property name="stdId" value="101"/>
    <property name="stdName" value="akash"/>
    <property name="subject" ref="sub2"></property>
      <property name="instructor" ref="ins"></property>
   <property name="subjects">
 
 <util:list id="myList" value-type="java.util.ArrayList">
      <ref bean="sub1"></ref>
   <ref bean="sub2"></ref>
</util:list>
 
 
   </property>
    </bean> -->
    
  
    
    </beans>