<?xml version="1.0" encoding="UTF-8"?>
<beans xmlns="http://www.springframework.org/schema/beans"
    xmlns:xsi="http://www.w3.org/2001/XMLSchema-instance"
    xmlns:context="http://www.springframework.org/schema/context"  
    xmlns:util="http://www.springframework.org/schema/util"
    xsi:schemaLocation="http://www.springframework.org/schema/beans 
    http://www.springframework.org/schema/beans/spring-beans.xsd      
    http://www.springframework.org/schema/beans
    http://www.springframework.org/schema/beans/spring-beans-3.0.xsd
    http://www.springframework.org/schema/context
    http://www.springframework.org/schema/context/spring-context-3.0.xsd
    http://www.springframework.org/schema/util
    http://www.springframework.org/schema/util/spring-util-2.5.xsd">
    
      <bean id="department" class="com.nucleus.Department">
    <property name="departmentName" value="COMPUTER SCIENCE"/>
    </bean>
    
     <bean id="faculty" class="com.nucleus.Faculty">
    <property name="facultyName" value="abc"/>
    
    </bean>
       
    <bean id="s2" class="com.nucleus.Student">
 <!--    <constructor-arg  value="101" type="int"></constructor-arg>
    <constructor-arg  value="Akash" type="String"></constructor-arg> -->
    <property name="stdId" value="123"></property>
    <property name="stdName" value="AKASH"></property>
    <property name="phoneNo">
    <list>
    <value>9893447153</value>
    <value>7898830014</value>

    </list>
    </property>
    <property name="map">
    <map>
    <entry key-ref="department" value-ref="faculty"></entry>
    
    
    </map>
    
    
    </property>
    
    
    
    
    </bean>
    
  
    
    
    
    </beans>