<?xml version="1.0" encoding="UTF-8"?>
<beans xmlns="http://www.springframework.org/schema/beans"
    xmlns:xsi="http://www.w3.org/2001/XMLSchema-instance"
    xmlns:context="http://www.springframework.org/schema/context"  
    xmlns:util="http://www.springframework.org/schema/util"
    xsi:schemaLocation="http://www.springframework.org/schema/beans 
    http://www.springframework.org/schema/beans/spring-beans.xsd      
    http://www.springframework.org/schema/beans
    http://www.springframework.org/schema/beans/spring-beans-3.0.xsd
    http://www.springframework.org/schema/context
    http://www.springframework.org/schema/context/spring-context-3.0.xsd
    http://www.springframework.org/schema/util
    http://www.springframework.org/schema/util/spring-util-2.5.xsd">
    
    
    <!-- <bean id="s1" class="com.nucleus.july24.Student" abstract="true">
    <property name="stdId" value="123"></property>
    <property name="stdName" value="AKASH"></property>
    </bean> -->
    
  <!--   <bean id="s3" class="com.nucleus.july24.Student" >
    <property name="stdId" value="123"></property>
    <property name="stdName" value="AKASH"></property>
    </bean> -->
    
     <bean id="sub1" class="com.nucleus.july24.Faculty" init-method="m1" destroy-method="m2"> 
     <property name="facultyName" value="Param"></property>
     </bean> 
   
    <!-- <bean class="com.nucleus.BFPPDemo">
    </bean>  -->
    
     <bean class="com.nucleus.july24.BPPDemo">
   </bean>
    
    
    
    </beans>