<?xml version="1.0" encoding="UTF-8"?>
<beans xmlns="http://www.springframework.org/schema/beans"
    xmlns:xsi="http://www.w3.org/2001/XMLSchema-instance"
    xmlns:context="http://www.springframework.org/schema/context"  
    xmlns:util="http://www.springframework.org/schema/util"
    xsi:schemaLocation="http://www.springframework.org/schema/beans 
    http://www.springframework.org/schema/beans/spring-beans.xsd      
    http://www.springframework.org/schema/beans
    http://www.springframework.org/schema/beans/spring-beans-3.0.xsd
    http://www.springframework.org/schema/context
    http://www.springframework.org/schema/context/spring-context-3.0.xsd
    http://www.springframework.org/schema/util
    http://www.springframework.org/schema/util/spring-util-2.5.xsd">
    
    
    <context:component-scan base-package="com.nucleus"></context:component-scan>
    
    <bean class="org.springframework.web.servlet.view.InternalResourceViewResolver">
    <property name="prefix" value = "/WEB-INF/view/"></property>
    <property name="suffix" value=".jsp"></property>
    
    
    </bean>
    
    
    
    
    </beans>